{
    "foreground_intensity_properties_per_channel": {
        "0": {
            "max": 1.2114946842193604,
            "mean": 0.18808023631572723,
            "median": 0.16884374618530273,
            "min": -0.4058384597301483,
            "percentile_00_5": -0.35364705324172974,
            "percentile_99_5": 1.1500493288040161,
            "std": 0.2617373764514923
        }
    },
    "median_relative_size_after_cropping": 1.0,
    "shapes_after_crop": [
        [
            1,
            1,
            2000
        ],
        [
            1,
            1,
            2000
        ],
        [
            1,
            1,
            2000
        ],
        [
            1,
            1,
            2000
        ],
        [
            1,
            1,
            2000
        ],
        [
            1,
            1,
            2000
        ],
        [
            1,
            1,
            2000
        ],
        [
            1,
            1,
            2000
        ],
        [
            1,
            1,
            2000
        ],
        [
            1,
            1,
            2000
        ],
        [
            1,
            1,
            2000
        ],
        [
            1,
            1,
            2000
        ],
        [
            1,
            1,
            2000
        ],
        [
            1,
            1,
            2000
        ],
        [
            1,
            1,
            2000
        ],
        [
            1,
            1,
            2000
        ],
        [
            1,
            1,
            2000
        ],
        [
            1,
            1,
            2000
        ],
        [
            1,
            1,
            2000
        ],
        [
            1,
            1,
            2000
        ],
        [
            1,
            1,
            2000
        ],
        [
            1,
            1,
            2000
        ],
        [
            1,
            1,
            2000
        ],
        [
            1,
            1,
            2000
        ],
        [
            1,
            1,
            2000
        ]
    ],
    "spacings": [
        [
            999,
            999,
            1
        ],
        [
            999,
            999,
            1
        ],
        [
            999,
            999,
            1
        ],
        [
            999,
            999,
            1
        ],
        [
            999,
            999,
            1
        ],
        [
            999,
            999,
            1
        ],
        [
            999,
            999,
            1
        ],
        [
            999,
            999,
            1
        ],
        [
            999,
            999,
            1
        ],
        [
            999,
            999,
            1
        ],
        [
            999,
            999,
            1
        ],
        [
            999,
            999,
            1
        ],
        [
            999,
            999,
            1
        ],
        [
            999,
            999,
            1
        ],
        [
            999,
            999,
            1
        ],
        [
            999,
            999,
            1
        ],
        [
            999,
            999,
            1
        ],
        [
            999,
            999,
            1
        ],
        [
            999,
            999,
            1
        ],
        [
            999,
            999,
            1
        ],
        [
            999,
            999,
            1
        ],
        [
            999,
            999,
            1
        ],
        [
            999,
            999,
            1
        ],
        [
            999,
            999,
            1
        ],
        [
            999,
            999,
            1
        ]
    ]
}